fold,val_accuracy
1,0.7397260069847107
2,0.8214285969734192
3,0.75
