train_accuracy,validation_accuracy,test_accuracy
0.8243727684020996,0.7051281929016113,0.675000011920929
