n_estimators,max_depth,UA_train_avg,WA_train_avg,UA_val_avg,WA_val_avg,UA_test,WA_test
100,,100.0,100.0,72.94000000000001,72.60000000000001,70.8,75.0
100,10.0,100.0,100.0,73.78,73.42,68.8,72.5
200,,100.0,100.0,73.52000000000001,73.16,70.8,75.0
200,10.0,100.0,100.0,73.16,72.88,70.8,75.0
